строительный,облицовочный,клинкерный,купить клинкерный кирпич Москва,клинкерный кирпич цена за штуку,облицовочный кирпич купить в Москве
строительный (показы: 1 881 214),облицовочный (показы: 54 581),клинкерный (показы: 43 711),клинкерный кирпич купить в москве (показы: 35),клинкерный кирпич цена за штуку (показы: 17),купить облицовочный кирпич в москве (показы: 138)
строительная компания (показы: 219 548),кирпич облицовочный (показы: 29 078),клинкерная плитка (показы: 25 135),тротуарный клинкерный кирпич купить москва (показы: 11),кирпич клинкерный облицовочный цена за штуку (показы: 8),кирпич облицовочный купить в москве и области (показы: 16)
строительные материалы (показы: 178 560),облицовочная плитка (показы: 9 649),клинкерный кирпич (показы: 11 767),клинкерный кирпич для фасада купить москва (показы: 9),кирпич клинкерный цена за 1 штуку (показы: 3),купить облицовочный кирпич в москве цены (показы: 2)
строительные работы (показы: 158 780),купить облицовочный (показы: 8 284),клинкерный фасад (показы: 7 997),клинкерный кирпич плитка купить москва (показы: 8),,облицовочный кирпич для фасада купить в москве (показы: 2)
строительный магазин (показы: 66 653),купить облицовочный кирпич (показы: 7 101),клинкерный купить (показы: 6 451),плитка клинкерная под кирпич купить москва (показы: 8),,
строительные конструкции (показы: 65 167),цена облицовочной (показы: 3 839),клинкерные термопанели (показы: 4 401),,,
строительно монтажные (показы: 61 116),облицовочный кирпич цена (показы: 3 164),клинкерная плитка купить (показы: 4 246),,,
купить строительный (показы: 58 002),облицовочный фасад (показы: 3 138),клинкерная плитка для фасада (показы: 4 020),,,
строительный контроль (показы: 57 674),облицовочный камень (показы: 2 835),цены клинкерных (показы: 3 314),,,
строительные организации (показы: 57 129),облицовочные панели (показы: 2 804),фасадная клинкерная (показы: 2 651),,,
ооо строительный (показы: 48 400),облицовочные материалы (показы: 2 383),клинкерные панели (показы: 2 308),,,
строительный мусор (показы: 48 192),облицовочная кладка (показы: 2 315),клинкерная плитка кирпич (показы: 2 118),,,
строительная площадка (показы: 46 579),облицовочные работы (показы: 2 222),под клинкерную плитку (показы: 2 077),,,
леса строительные (показы: 44 963),облицовочные плиты (показы: 2 074),клинкерный фасад цена (показы: 2 068),,,
строительный сайт (показы: 43 722),облицовочный размеры (показы: 2 030),термопанели с клинкерной плиткой (показы: 2 058),,,
строительство строительных (показы: 43 664),облицовочный дом (показы: 1 768),клинкерная плитка цена (показы: 2 032),,,
строительные объекты (показы: 43 126),кладка облицовочного кирпича (показы: 1 735),под клинкерный кирпич (показы: 1 963),,,
петрович строительные (показы: 43 098),керамический облицовочный керамический (показы: 1 681),клинкерная брусчатка (показы: 1 940),,,
строительно монтажные работы (показы: 41 720),белый облицовочный (показы: 1 617),клинкерный кирпич купить (показы: 1 764),,,
строительный двор (показы: 41 427),облицовочный кирпич для фасада (показы: 1 529),клинкерная плитка под кирпич (показы: 1 722),,,
петрович строительные материалы (показы: 41 421),размер облицовочного кирпича (показы: 1 431),клинкерные ступени (показы: 1 666),,,
строительное производство (показы: 40 002),облицовочная стена (показы: 1 258),плитка клинкерная фасадная (показы: 1 577),,,
строительная 1 (показы: 38 010),фасадная облицовочная (показы: 1 224),клинкерные термопанели для фасада (показы: 1 542),,,
государственные строительные (показы: 37 798),облицовочный шт (показы: 1 138),клинкерные термопанели цена (показы: 1 481),,,
строительно техническая (показы: 37 231),облицовочный м (показы: 1 100),клинкерная отделка (показы: 1 367),,,
строительная область (показы: 37 076),сколько облицовочная (показы: 1 083),клинкерная плитка для фасада цена (показы: 1 355),,,
строительный спб (показы: 36 758),цена облицовочный купить (показы: 1 046),клинкерная плитка в спб (показы: 1 336),,,
строительная 2 (показы: 36 582),купить кирпич облицовочный цена (показы: 1 030),клинкерный дом (показы: 1 319),,,
строительные официальный сайт (показы: 35 647),сколько облицовочный кирпич (показы: 982),купить клинкерный фасад (показы: 1 175),,,
строительный колледж (показы: 33 718),керамический облицовочный кирпич (показы: 967),клинкерные термопанели для фасада цена (показы: 1 153),,,
архитектурно строительный (показы: 33 180),плитка облицовочная белая (показы: 958),клинкерный кирпич для фасада (показы: 1 146),,,
строительный пылесос (показы: 32 703),толщина облицовочного (показы: 934),термопанели с клинкерной плиткой для фасада (показы: 1 105),,,
строительная экспертиза (показы: 32 676),декоративный облицовочный (показы: 890),клинкерная плитка купить в спб (показы: 1 034),,,
строительные цены (показы: 31 461),купить кирпич строительный облицовочный (показы: 888),термопанели с клинкерной плиткой цена (показы: 982),,,
строительный договор (показы: 31 342),какой облицовочный (показы: 882),фасадный клинкерный кирпич (показы: 955),,,
строительное управление (показы: 30 472),строительный подрядчик планирует купить 5 тонн облицовочного (показы: 850),клинкерная плитка для фасада купить (показы: 932),,,
строительный дом (показы: 29 567),облицовочный 1 кирпич (показы: 825),термопанели с клинкерной плиткой для фасада цена (показы: 929),,,
строительный надзор (показы: 29 222),кирпич облицовочный доставка (показы: 795),клинкерный тротуарный (показы: 926),,,
строительная техник (показы: 27 089),поставщик облицовочного кирпича (показы: 774),вентилируемый клинкерный (показы: 869),,,
строительная техника (показы: 27 089),облицовочный блок (показы: 771),клинкерный вентилируемый фасад (показы: 843),,,
строительные машины (показы: 26 800),красный облицовочный (показы: 750),монтаж клинкерная (показы: 831),,,
строительный зданий (показы: 26 203),строительный и облицовочный кирпич (показы: 735),фасадные клинкерные панели (показы: 816),,,
строительные материалы спб (показы: 25 496),наружная облицовочная (показы: 728),панель кирпич клинкерный (показы: 778),,,
строительный г (показы: 25 418),стоимость облицовочного (показы: 723),отделка клинкерной плиткой (показы: 731),,,
дорожно строительный (показы: 25 151),красный облицовочный кирпич (показы: 700),клинкерная тротуарная плитка (показы: 678),,,
фен строительный (показы: 25 038),облицовочный пустотелый (показы: 691),клинкерная плитка м2 (показы: 676),,,
выполнение строительных (показы: 23 396),кирпич облицовочный пустотелый (показы: 660),клинкерная плитка вентилируемый (показы: 613),,,
строительные госты (показы: 22 976),стоимость облицовочного кирпича (показы: 649),фасадные панели клинкерный кирпич (показы: 581),,,
строительный подряд (показы: 22 241),облицовочный шов (показы: 635),клинкерная плитка кирпич купить (показы: 580),,,
строительный проект (показы: 22 183),под кирпич облицовочные (показы: 635),клинкерный фасад цена за м2 (показы: 579),,,
